検索順位,タイトル,URL
1,python.jp: プログラミング言語 Python 総合情報サイト,https://www.python.jp/
2,Welcome to Python.org,https://www.python.org/
3,,"https://freelance-start.com/articles/408#:~:text=%E3%81%A3%E3%81%A6%E4%BD%95%EF%BC%9F-,2.Python%E3%81%AE%E7%BF%92%E5%BE%97%E6%99%82%E9%96%93%E3%81%AE%E7%9B%AE%E5%AE%89,%E8%80%83%E3%81%88%E3%82%8B%E3%81%AE%E3%81%8B%E3%81%8C%E9%87%8D%E8%A6%81%E3%81%A7%E3%81%99%E3%80%82"
4,,https://x-tech.pasona.co.jp/media/detail.html?p=2104
5,,"https://www.rd.ntt/se/media/article/0074.html#:~:text=Python%E3%81%A7%E3%81%AF%E7%89%B9%E3%81%AB%E7%A7%91%E5%AD%A6%E6%8A%80%E8%A1%93,%E3%82%82%E5%BC%B7%E3%81%84%E3%83%97%E3%83%AD%E3%82%B0%E3%83%A9%E3%83%9F%E3%83%B3%E3%82%B0%E8%A8%80%E8%AA%9E%E3%81%A7%E3%81%99%E3%80%82"
6,,"https://www.dhw.ac.jp/now/list/howtobe/python/#:~:text=%E6%B1%8E%E7%94%A8%E6%80%A7%E3%81%8C%E9%AB%98%E3%81%8F%E8%89%AF%E3%81%84,%E3%81%82%E3%81%BE%E3%82%8A%E5%90%91%E3%81%84%E3%81%A6%E3%81%84%E3%81%BE%E3%81%9B%E3%82%93%E3%80%82"
7,Download Python,https://www.python.org/downloads/
8,Python,https://ja.wikipedia.org/wiki/Python
9,Pythonとは？プログラミング言語の用途を初心者向けに解説,https://coeteco.jp/articles/10661
10,Python（パイソン）とは？人気プログラミング言語の特徴・活用 ...,https://udemy.benesse.co.jp/development/python-work/python.html
11,ゼロからのPython入門講座,https://www.python.jp/train/index.html
12,［Python入門］Pythonってどんな言語なの？ - ITmedia,https://atmarkit.itmedia.co.jp/ait/articles/1904/02/news024.html
13,Pythonとは？特徴や世の中における活用事例、学習方法 ...,https://www.rd.ntt/se/media/article/0074.html
14,Pythonとは？大人気プログラミング言語のメリットや活用事例を ...,https://www.internetacademy.jp/it/programming/programming-basic/what-is-python.html
15,もっと見る,https://www.google.co.jp/search?q=Python&sca_esv=da56b67854fd2398&source=hp&ei=rJLyZb2eEaTJ2roPkYOi0Ag&iflsig=ANes7DEAAAAAZfKgvImf01gV2PR-VU4lgMTIF7adUJbS&aomd=1
16,,
